{
  "src": [
    "assets/sounds/sprite.ogg",
    "assets/sounds/sprite.m4a",
    "assets/sounds/sprite.mp3",
    "assets/sounds/sprite.ac3"
  ],
  "sprite": {
    "ballBounce": [
      0,
      162.53968253968253
    ],
    "ballHit": [
      2000,
      162.5396825396823
    ],
    "ballMissed": [
      4000,
      557.2789115646257
    ],
    "click": [
      6000,
      2000
    ],
    "taalunie01": [
      9000,
      27428.57142857143,
      true
    ],
    "taalunie02": [
      38000,
      44651.201814058964,
      true
    ]
  }
}